,Project,Group,Connections,Image,Twitter URL,Twitter Handle,Description,Webpage,V0 - Impact Cartography,V1 - ImpactDAOs Survey
0,0xdaoApe,#FFCC00,12,https://pbs.twimg.com/profile_images/1475869715058900994/7aKGFe00_normal.jpg,https://twitter.com/0xdaoape,@0xdaoape,Highly subjective commentary on what's going on around the DAOsphere. EN/TR,mirror.xyz/0x4529921387f7‚Ä¶,False,True
1,1Hive,#FFCC00,18,https://pbs.twimg.com/profile_images/1276286557494837248/SgXEhvrc_normal.png,https://twitter.com/1hiveorg,@1hiveorg,A community of web3 builders,1hive.org,False,True
2,1Hive Gardens,#FFCC00,13,https://pbs.twimg.com/profile_images/1479201973362577408/QreY0Mgx_normal.png,https://twitter.com/gardensdao,@gardensdao,"Gardens are composable, sufficiently decentralized, and self-improving DAOs, limited only by your collective imagination - from the @1hiveorg ecosystem üêù",gardensdao.eth.limo,False,True
3,AYOWECCA,#02E2AC,9,https://pbs.twimg.com/profile_images/1256915740197863425/YXN0dsRN_normal.jpg,https://twitter.com/ayowecca_uganda,@ayowecca_uganda,"Protecting Natural Resources, Adaptation to #ClimateChange, Conservations, SRHR, Skills Development & Empowering Women & Children. Author @j_olwenyi #SDGs",ayoweccauganda.org,False,True
4,AcreDAOS,#02E2AC,32,https://pbs.twimg.com/profile_images/1461360204755308552/pM4Wpc8G_normal.jpg,https://twitter.com/acredaos,@acredaos,"Autonomous Communities for Regenerative Economies (ACRE)
Web3 Community of ReFi & Impact DAOs
üåé A new model for environmental and social impact",acredaos.com,True,False
5,Aera Force,#02E2AC,27,https://pbs.twimg.com/profile_images/1509925596364685320/i8Ens9Wd_normal.jpg,https://twitter.com/aeraforce,@aeraforce,"Aera Force is a VC DAO investing in our collective #ReFi future üíöüåé 
Subscribe to our weekly ReFi deep-dive to explore with us üëâ https://t.co/E1N84pFZJ4",AeraForce.xyz,False,True
6,All for Climate DAO,#02E2AC,56,https://pbs.twimg.com/profile_images/1461336359734554627/Zd05zz8c_normal.jpg,https://twitter.com/all4climatedao,@all4climatedao,"Building a 21st century movement of citizens taking action in the social and ecological crisis. Connected globally, rooted locally, we are #allforclimate.",dao.allforclimate.earth,True,True
7,Angel Protocol,#4D82C1,9,https://pbs.twimg.com/profile_images/1385343617225560068/Z0nRwp37_normal.jpg,https://twitter.com/angelprotocol,@angelprotocol,"Terra-based protocol for creating perpetual charity endowments. The Gift that keeps on giving, forever.",angelprotocol.io,True,False
8,AntidoteDAO,#4D82C1,49,https://pbs.twimg.com/profile_images/1508297064630956040/rc4hlH4Y_normal.png,https://twitter.com/antidotedao,@antidotedao,"AntidoteDAO is an Altruistic #Web3 #DAO Dedicated to Funding Various Cancer Initiatives Directly, Democratically, and Transparently",hoo.be/antidotedao,False,True
9,Ants-review,#F3587D,17,https://pbs.twimg.com/profile_images/1266760531412692992/amsBtaCr_normal.jpg,https://twitter.com/antsreview,@antsreview,#DeSci ~ Incentivizing Scientific Peer-Reviews on #Ethereum est. 2020üöÄ #OpenScience |ü•á@ETHTurin üå±@KERNEL0x KB1 |üó£Ô∏è@euro_par 2020 | üí∞@gitcoin Grants,linktr.ee/antsreview,True,False
10,Aquari,#02E2AC,3,https://pbs.twimg.com/profile_images/1390675212581097473/Zjzkwdqm_normal.jpg,https://twitter.com/aquariofficial,@aquariofficial,Aquari is a community governed cryptocurrency with the goal to restore all polluted bodies of water on Earth. Telegram: https://t.co/B2zgha61bW,aquarifoundation.com,True,False
11,Artizen,#FFCC00,13,https://pbs.twimg.com/profile_images/1354930931719491585/3e-XZrvq_normal.jpg,https://twitter.com/artizenfund,@artizenfund,"We're raising $1B for art, science, and public goods. Donate to earn NFTs from the brightest creators in your community and become an owner of the Artizen DAO.",artizen.fund,False,True
12,Astral Protocol,#FFCC00,23,https://pbs.twimg.com/profile_images/1301144670177820672/qX3mlQtp_normal.jpg,https://twitter.com/astralprotocol,@astralprotocol,Public goods for spatial and location data on the decentralized web.,astral.global,False,True
13,Atoms,#F3587D,5,https://pbs.twimg.com/profile_images/1408969527333847042/4-ZuTQNE_normal.jpg,https://twitter.com/atoms_org,@atoms_org,Building a flourishing research ecosystem.,atoms.org,False,True
14,Avano,#02E2AC,42,https://pbs.twimg.com/profile_images/1494445096053325842/zxT6DGVz_normal.jpg,https://twitter.com/avano_io,@avano_io,LinkTree: https://t.co/D3dGebq8uA,,False,True
15,Basin DAO,#02E2AC,40,https://pbs.twimg.com/profile_images/1463399377402314760/DNY9cgtS_normal.jpg,https://twitter.com/basindao,@basindao,unlocking #carbon + #naturalcapital value in #realassets using #web3,basinDAO.com,True,False
16,BioDAO,#F3587D,6,https://pbs.twimg.com/profile_images/1485042580177907714/n0Inv55w_normal.jpg,https://twitter.com/biodaoxyz,@biodaoxyz,"The global biotech ecosystem enabled by Web3
Notion: https://t.co/yjYfmg3dnf
https://t.co/NskNkhRbtg",biodao.xyz,False,True
17,Blockchain for Climate foundation,#02E2AC,34,https://pbs.twimg.com/profile_images/1455859963889213445/x8wXr7Oh_normal.jpg,https://twitter.com/blockforclimate,@blockforclimate,Putting the Paris Agreement on #Ethereum w/ #NFTs. Enabling international collaboration on climate action by connecting national carbon accounts of the world.,blockchainforclimate.org/news,True,False
18,Blood M1n3,#02E2AC,41,https://pbs.twimg.com/profile_images/1491776089915637764/-30DXuWW_normal.jpg,https://twitter.com/bloodm1n3,@bloodm1n3,"üõ∞Ô∏è Mapping the world's illegal mines on Web3

@sosorinoco

#ARACAMUNI is our first #NFTCollection. #CANAIMA

 üõ∞Ô∏è  Discord: https://t.co/N9NuhTKX9b",bloodmines.xyz,False,True
19,Bloom Network,#FFCC00,32,https://pbs.twimg.com/profile_images/1235620460685144064/1JdpOTwL_normal.jpg,https://twitter.com/ourbloomnetwork,@ourbloomnetwork,"International community of regenerative culture makers, producing local events and actions, and collaborating virtually.",bloomnetwork.org,False,True
20,Bloomeria,#02E2AC,35,https://pbs.twimg.com/profile_images/1355088367013212161/aLWrVK0j_normal.jpg,https://twitter.com/bloomeria_dao,@bloomeria_dao,"A #DAO to help #communities safeguard green areas.
#Cryptocurrency | #Fundraising | #NFTs | #CO2offseteconomy 
@KERNEL0x alumni",bloomeria.org,True,False
21,Brokoli,#02E2AC,2,https://pbs.twimg.com/profile_images/1430617946167066626/PR2b57fF_normal.jpg,https://twitter.com/brokolinetwork,@brokolinetwork,"Built ‚§µÔ∏è

üü¢ Green trading üü¢ Green IDOs üü¢ Green Integrations üü¢ Green NFTs üü¢ 

Green Metaverse üîú

Powered by $BRKL

TG: https://t.co/CTqvjHIqec

#impact2earn",brokoli.network,True,False
22,Cabin,#4D82C1,19,https://pbs.twimg.com/profile_images/1458804832551247877/z8CMVDb8_normal.jpg,https://twitter.com/creatorcabins,@creatorcabins,üè° a community of cabins for web3 workers üåê a DAO retreat & residency program üåÜ an experiment in decentralized cities || https://t.co/OQklH4Gp7m,linktr.ee/creatorcabins,False,True
23,Carbon Captors ,#02E2AC,41,https://pbs.twimg.com/profile_images/1496818455219216390/UwZ0CVsQ_normal.jpg,https://twitter.com/carboncaptors,@carboncaptors,Leveraging the power of Web3 and DAOs to become the fund for Carbon Capture engineered & nature based solutions. #CarbonCaptors,carboncaptors.xyz,False,True
24,Carbon Collectible NFTs,#02E2AC,27,https://pbs.twimg.com/profile_images/1518382217432485888/-VpdsiGt_normal.jpg,https://twitter.com/carbonoffsetnft,@carbonoffsetnft,"We use #NFTs & regenerative finance to transform environment and social impact into a liquid asset.
#Web3, #ReFi, #DeFi, #SocialImpact, #CarbonOffset, #ML, #AI",ccNFTs.io,True,False
25,Celo,#FFCC00,40,https://pbs.twimg.com/profile_images/1493309659599486986/5ETdHxeE_normal.jpg,https://twitter.com/celoorg,@celoorg,Creating the conditions for prosperity‚Äîfor everyone.,celo.org,True,False
26,Cheerbot,#FFCC00,2,https://pbs.twimg.com/profile_images/1515123788438032386/U86eYjob_normal.png,https://twitter.com/cheerbotme,@cheerbotme,"Sending cheer via phygital-within-phygital NFT designer toy robots!
The best of #Web3 income & #STEAM education as one.
buy https://t.co/Qbuy24nC8P
map https://t.co/RLfGcUslhh",cheerbot.org,False,True
27,Cherubs DAO,#4D82C1,11,https://pbs.twimg.com/profile_images/1461111085067603971/A1LX50MT_normal.jpg,https://twitter.com/cherubsdao,@cherubsdao,"An NFT funded, DAO governed community of extraordinary people changing the world, focused on brain health & longevity

Founded by Brian Magierski - @bmagierski",linktr.ee/cherubsdao,True,True
28,Circonomy,#FFCC00,5,https://pbs.twimg.com/profile_images/1500542961410580496/DicM6XPM_normal.png,https://twitter.com/circonomydao,@circonomydao,We are a Web3 cooperative centered on circular economics and circular design tackling the climate change challenge by starting with the plastic problem,,False,True
29,Citizen DAO,#4D82C1,56,https://pbs.twimg.com/profile_images/1466272943688888321/e8j2P6L4_normal.jpg,https://twitter.com/citizendao,@citizendao,"Like the United Nations, but better. On a mission to solve humanity's biggest problems. Creating Web3 Impact Bonds to fund it. 

Join us: https://t.co/IBvG1ciUsr",CitizenDAO.io,True,False
30,Climate Finance DAO,#02E2AC,30,https://pbs.twimg.com/profile_images/1464765590652997636/z7b63Skp_normal.jpg,https://twitter.com/climatefindao,@climatefindao,We are a work in progress DAO that aim to support and develop climate science informed & decentralised finance instruments,gitcoin.co/grants/4041/cl‚Ä¶,True,False
31,ClimateDAO ,#02E2AC,64,https://pbs.twimg.com/profile_images/1499761953882923009/ZfgXLTBO_normal.png,https://twitter.com/climate_dao,@climate_dao,Building a platform to decarbonize corporations through shareholder activism. https://t.co/fRF6ffkBrA,linktr.ee/climatedao,True,True
32,Clime DAO,#02E2AC,18,https://pbs.twimg.com/profile_images/1511646045742432258/kwWwkOce_normal.jpg,https://twitter.com/climedao,@climedao,"Enabled via web3, we are here to incentivize your climate-positive actions. Head to our website and be a part of our missionüåç (Join the Clime Movement!)",climedao.com,False,True
33,Code4rena,#FFCC00,4,https://pbs.twimg.com/profile_images/1461661937746407424/9RXtCZ5v_normal.png,https://twitter.com/code4rena,@code4rena,"A DAO for on demand web3 security. 

üí∞ $4MM in rewards paid 
üê∫ 400+ High Severity üêû's patched
‚õì Start your audit this week: https://t.co/tD4F3j9SPO",code4rena.com,False,True
34,Cohere,#4D82C1,14,https://pbs.twimg.com/profile_images/1358113018681446400/IPcrmbdD_normal.jpg,https://twitter.com/coherenetwork,@coherenetwork,Cohere is a community-owned global network of regenerative communities and innovation hubs powered by web3 üå± Let‚Äôs Co: https://t.co/hjtbufhZqu,lu.ma/cohere,False,True
35,Converge,#FFCC00,2,https://pbs.twimg.com/profile_images/1438991514206556164/Okjj6J9L_normal.jpg,https://twitter.com/converge4impact,@converge4impact,"Advancing the network approach to collaboration. Read #ImpactNetworks, our guide for cultivating community and co-creating change: https://t.co/McB6hYG9NC",converge.net,True,False
36,Cool Points Club,#02E2AC,7,https://pbs.twimg.com/profile_images/1439790931859804165/HFfHi-ix_normal.jpg,https://twitter.com/coolpointsclub,@coolpointsclub,We do cool | @islands_of_cool | https://t.co/B0VDNZSICR,,True,False
37,Cosmos,#FFCC00,14,https://pbs.twimg.com/profile_images/1328431690268729347/flijoJYv_normal.jpg,https://twitter.com/cosmos,@cosmos,"The open, scalable, and interconnected economy of the future. $ATOM",cosmos.network,True,False
38,Crowdmuse,#FFCC00,3,https://pbs.twimg.com/profile_images/1499475706996273156/ymt0Jq2X_normal.jpg,https://twitter.com/crowdmuse,@crowdmuse,"üï∏ autonomous collaboration for regen projects. üå± we pilot forkable business models with built-in licensing, supply chains & knowledge networks.",crowdmuse.com,False,True
39,Crypto Culture and Society,#FFCC00,8,https://pbs.twimg.com/profile_images/1502365946614276100/xPQrAcRT_normal.jpg,https://twitter.com/cryptosocietys1,@cryptosocietys1,Building liberal arts education for crypto. üìçSemester II: Our Digital Futures,ccsdao.xyz,True,False
40,Curve Labs,#FFCC00,33,https://pbs.twimg.com/profile_images/1506287116376027140/_aje108X_normal.jpg,https://twitter.com/curvelabs,@curvelabs,design & implementation laboratory for organizational technologies \\\ we‚Äôre hiring https://t.co/8LBV8IDtSJ,curvelabs.eu,True,False
41,DAOpunks,#FFCC00,2,https://pbs.twimg.com/profile_images/1445550891466047493/4RSf3ecC_normal.jpg,https://twitter.com/daopunksnft,@daopunksnft,"Liberating humans from the soul-sucking drudgery of default world work

Join the movement:
https://t.co/8r8IRW6ZMn
https://t.co/duOs9v0TYp",daopunks.io,False,True
42,DOER Money DAO,#02E2AC,2,https://pbs.twimg.com/profile_images/1496463760474660872/JmqKQYSg_normal.jpg,https://twitter.com/doerdotmoney,@doerdotmoney,$DOER MONEY DAO | Permissionless Income for the Regenerative Economy Workforce | We are a subDAO of @ACREDAOs,juicebox.money/#/p/doer,False,True
43,DeveloperDAO,#FFCC00,31,https://pbs.twimg.com/profile_images/1498373755583799301/dr7zfeyt_normal.jpg,https://twitter.com/developer_dao,@developer_dao,"Build web3 with friends ü§ù

New membership officially open ‚ö°Ô∏è

@web3con üåà

https://t.co/k407RuowQl

https://t.co/ZKZintUdTV",developerdao.notion.site/Getting-Starte‚Ä¶,False,True
44,Diatom DAO,#02E2AC,16,https://pbs.twimg.com/profile_images/1453440139301171205/oZZfX0z5_normal.jpg,https://twitter.com/diatomdao,@diatomdao,"Ocean protection, decentralized. Starting with the first-ever tokenization of ocean plastics removal.",diatom.fund,True,False
45,DoinGud,#FFCC00,31,https://pbs.twimg.com/profile_images/1532179713145286656/TyPJIFYf_normal.jpg,https://twitter.com/doingudhq,@doingudhq,"DoinGud is an NFT ecosystem empowering creators, collectors, curators, and communities to do good üë®‚Äçüé§ We are hiring! üö®",linktr.ee/doingud,True,False
46,Dream DAO,#4D82C1,27,https://pbs.twimg.com/profile_images/1450845956035993604/3WlyJf0K_normal.jpg,https://twitter.com/dreamdao_,@dreamdao_,"powered by @CivicsUnplugged, we train + fund regen-minded Gen Z leaders around the world to explore web3 + harness its power to build a #solarpunk future üåûüåç",dreamdao.xyz,True,True
47,ETH Puerto Rico DAO,#FFCC00,7,https://pbs.twimg.com/profile_images/1375109755824447489/O15M9cdV_normal.png,https://twitter.com/ethprdao,@ethprdao,Siembra una comunidad de pr√°ctica en #PuertoRico a trav√©s del ecosistema #Ethereum global. #consensysambassador,meetup.com/ethpuertorico/,False,True
48,Earth.fm,#02E2AC,17,https://pbs.twimg.com/profile_images/1500267034193584129/i6CYVG7e_normal.jpg,https://twitter.com/earth_fm_live,@earth_fm_live,Listen to immersive natural soundscapes ‚ú®  and support the grassroots charities that work for the restoration of our natural world üå≥,earth.fm,False,True
49,EarthFund,#02E2AC,50,https://pbs.twimg.com/profile_images/1479192567103250446/CKL2GFAr_normal.jpg,https://twitter.com/earthfund_io,@earthfund_io,"üåç Join the DAO. Change the world.

Decentralizing crowdfunding to give you a real voice in your future. 

Join us üëá
https://t.co/e4Bnv3oZ1k",earthfund.io,True,False
50,Earthbanc,#02E2AC,27,https://pbs.twimg.com/profile_images/1267436792858509313/Wj5fOLGk_normal.jpg,https://twitter.com/earthbanc,@earthbanc,Merging digital MRV and carbon finance to regenerate the earth and scale up carbon removal #ReFi #ClimateFintech #CarbonCredits #DeFi #biodiversityüå±üåè #hiring,earthbanc.io,True,False
51,Earthcoin,#02E2AC,13,https://pbs.twimg.com/profile_images/1502968717277540355/tcLNuAGW_normal.jpg,https://twitter.com/solarpunkdao,@solarpunkdao,"Now LIVE - $Earth - Antidote for the ecological crisis. Seed currency for the #solarpunk paradigm backed by climate solutions. 

 https://t.co/sbE6I3pxgn",solarpunkdao.earth,True,False
52,Ecodao,#02E2AC,28,https://pbs.twimg.com/profile_images/1489782876073775104/Zd7mt8QM_normal.jpg,https://twitter.com/ecodao_,@ecodao_,mostly human artists supporting the environment one nft at a time,eco.mirror.xyz,True,False
53,Ecorise,#02E2AC,30,https://pbs.twimg.com/profile_images/1467220224143331330/uKgUEXym_normal.jpg,https://twitter.com/ecorisedao,@ecorisedao,"A DAO for Solarpunks and Real World Assets. https://t.co/CoaQyGZcxo (üåç,üåé) Ecorise Finance",linktr.ee/EcoriseDAO,True,False
54,Edible Burners,#FFCC00,7,https://pbs.twimg.com/profile_images/1487932556687425537/s4NhFLIa_normal.jpg,https://twitter.com/amboscoboinik,@amboscoboinik,Love Freedom,,False,True
55,Endaoment,#4D82C1,26,https://pbs.twimg.com/profile_images/1506341255952838658/o_KMyZrv_normal.png,https://twitter.com/endaomentdotorg,@endaomentdotorg,"Crypto Philanthropy ‚ú¶ First On-Chain 501(c)(3) Community Foundation 

Every nonprofit now accepts any cryptocurrency ‚Üí  https://t.co/4O4A5Eb5pl",endaoment.org,True,True
56,EthicHub,#FFCC00,16,https://pbs.twimg.com/profile_images/1409739327735799808/3PgWB9jI_normal.jpg,https://twitter.com/ethichub,@ethichub,"The First #DeFi protocol connecting unbanked smallholder farmers with yield farmers and lenders globally.
$ETHIX - a confidence backed currency (üë©‚Äçüåæ,üßë‚Äçüåæ)",linktr.ee/ethichub_,False,True
57,ForeFront,#F3587D,15,https://pbs.twimg.com/profile_images/1293402536427139072/N2kir6jx_normal.jpg,https://twitter.com/forefront__,@forefront__,The Pulse of Web3 Social ‚óé $FF ‚Üí https://t.co/k162YCDCUF,linktr.ee/ffdao,True,False
58,Foresight Institute DAO,#F3587D,14,https://pbs.twimg.com/profile_images/1516264107468414976/ce0QvEJu_normal.jpg,https://twitter.com/foresightinst,@foresightinst,"Advancing science and technology for long-term, flourishing futures by creating community, promoting beneficial uses, and reducing potential misuse and harm.",foresight.org,False,True
59,Future Foundation,#4D82C1,22,https://pbs.twimg.com/profile_images/1454550351365869571/uYcZtxPj_normal.jpg,https://twitter.com/ourfuturefdn,@ourfuturefdn,Building towards a more just and joyful future. Join and help us build the future of web3 x social impact,futurefoundation.xyz,True,False
60,Gain Forest,#02E2AC,5,https://pbs.twimg.com/profile_images/1284054028234772480/4CFuaH4Z_normal.png,https://twitter.com/gainforestnow,@gainforestnow,GainForest‚Ñ¢ is a decentralised fund using artificial intelligence to measure and reward sustainable nature stewardship. https://t.co/2RuRVLeQ6q,gainforest.net,True,False
61,Geo Web,#FFCC00,19,https://pbs.twimg.com/profile_images/1370182208053460997/Cb3OyrL3_normal.jpg,https://twitter.com/thegeoweb,@thegeoweb,Public good #AR layer of the #metaverse. Our #NFT digital land is administered w/ partial common ownership. Network funds are used to fund public good(s).,linktr.ee/geoweb,False,True
62,Gitcoin,#FFCC00,43,https://pbs.twimg.com/profile_images/1461730414146564100/BtBfgjFa_normal.jpg,https://twitter.com/gitcoindao,@gitcoindao,Solarpunk Futurism~ GR14 6/8 - 6/23,gitcoindao.com,True,False
63,Give Crypto,#F3587D,3,https://pbs.twimg.com/profile_images/1012076844659757057/h_V_oaoG_normal.jpg,https://twitter.com/givecrypto,@givecrypto,Donate crypto to people in need.,GiveCrypto.org,True,False
64,Give Safely,#4D82C1,5,https://pbs.twimg.com/profile_images/1456617919882858497/X05a_MDX_normal.png,https://twitter.com/givesafely,@givesafely,Give safely to a trusted charity. Protect your data. Get rewards. Join our discord to discuss charities +crypto + web3 + NFTs: https://t.co/BYovSZFF2z,givesafely.io,True,False
65,Giveth,#FFCC00,48,https://pbs.twimg.com/profile_images/1440344140609294348/5dWIUeGd_normal.jpg,https://twitter.com/givethio,@givethio,"Transforming the way we fund public goods | Zero Added Fees | Donor Rewards | Regenerative Economics | Decentralizing Charity | DAO

@karmaticacid tweets",giveth.io,True,True
66,Giving Block,#4D82C1,19,https://pbs.twimg.com/profile_images/1519765300094418949/6yfhVEAZ_normal.png,https://twitter.com/thegivingblock,@thegivingblock,"Want to change the world with crypto? With over 1500 nonprofits accepting crypto donations, we can help. #CaringWithCrypto #CryptoIsGoodüöÄ‚ô•Ô∏è",linktr.ee/TheGivingBlock,True,False
67,Global Unity,#4D82C1,2,https://pbs.twimg.com/profile_images/1258598799104147458/MHRV9sdf_normal.jpg,https://twitter.com/globalunityorg,@globalunityorg,Everyone for everyone.,,False,True
68,Grassroots Economics,#FFCC00,13,https://pbs.twimg.com/profile_images/1522094260916559874/z6pGAL9-_normal.jpg,https://twitter.com/grassecon,@grassecon,Empowerment through Community Inclusion Currencies,grassrootseconomics.org,False,True
69,GreenClimateDAO,#02E2AC,2,https://pbs.twimg.com/profile_images/1508832032322895878/hRtw4eTD_normal.jpg,https://twitter.com/greenclimatedao,@greenclimatedao,Harnesses the power of the crowd to fight #ClimateChange through #blockchain and @Climatecoin Climate balance: once and for all. Join the #community now!,climatecoin.com,True,False
70,Grow Your Own Cloud,#FFCC00,6,https://pbs.twimg.com/profile_images/1049744592596172800/Sjcjq22N_normal.jpg,https://twitter.com/_gyoc,@_gyoc,"Storing your Data Nature's way üåø‚Å£ ‚Å£
‚Å£In #DNA üß¨
Bridging Web3 and Webüå≥
üåç

Founded by @cyrusclarke and @seyfriedmonika",growyourown.cloud,False,True
71,Gr√ºenDAO,#02E2AC,14,https://pbs.twimg.com/profile_images/1495693727687671811/e3Zf630d_normal.jpg,https://twitter.com/gruendao,@gruendao,"Forming a #Decentralized Carbon Currency Reserve System 

Create more effective #climateaction

#NodeArmy #Refi #Defi #Web3 #blockchain #whitelist #ohm",linktr.ee/grundao,False,True
72,HumanDAO,#02E2AC,6,https://pbs.twimg.com/profile_images/1486566824414257153/DXadf9Sv_normal.jpg,https://twitter.com/humandao,@humandao,"Improving lives through crypto with education & opportunities in web3/metaverse. When you hodl, stake or use $HDAO you‚Äôre helping underserved communitiesü§ù",humandao.org,True,False
73,Impact,#4D82C1,14,https://pbs.twimg.com/profile_images/1454936406501982214/io-yy6DB_normal.jpg,https://twitter.com/impact_xyz,@impact_xyz,"MINTING NOW in support of @keepabreast. NFT fundraising platform for charity - 95% of funds  to the cause.

Discord: https://t.co/ltgRrpWU7c",impactapp.xyz,True,False
74,Kernel,#F3587D,31,https://pbs.twimg.com/profile_images/1370056971592757248/-aY-VlJK_normal.jpg,https://twitter.com/kernel0x,@kernel0x,it all starts with a KERNEL üå± a @gitcoin project,kernel.community/en/start/,True,False
75,Kleros,#FFCC00,12,https://pbs.twimg.com/profile_images/897538206287179777/lRmXoLeB_normal.jpg,https://twitter.com/kleros_io,@kleros_io,"A decentralized arbitration protocol for disputes in the #web3 economy.

We're Hiring!
https://t.co/R0pFNn2wVi

$PNK | https://t.co/FaA0UrJWZR",kleros.io,True,True
76,KlimaDAO,#02E2AC,55,https://pbs.twimg.com/profile_images/1478155147649953799/7hlpmj4N_normal.jpg,https://twitter.com/klimadao,@klimadao,"Introducing $KLIMA ‚Äî an algorithmic carbon-backed cryptocurrency (üå≥,üå≥) #ReFi
Join our community of ü¶ç Klimates:
https://t.co/DHXgR0rDTE",klimadao.finance,True,True
77,Kokonut Network,#02E2AC,58,https://pbs.twimg.com/profile_images/1491193466893836291/tyGH_soe_normal.jpg,https://twitter.com/kokonutnetwork,@kokonutnetwork,"Building the infrastructure to connect Web3 with Agriculture
1 Kokonut DAO Share = 1 REAL Coconut Plant FOREVERü••üå¥
Only 60,000 Shares For Kokonut v1 Join Us ü§ó",linktr.ee/kokonutnetwork,False,True
78,Kolektivo,#FFCC00,34,https://pbs.twimg.com/profile_images/1527245286250250240/c1RTFDkW_normal.jpg,https://twitter.com/kolektivo,@kolektivo,"Creating a Framework for Local Regenerative Economies #ReFi üçÉ

Launching the first MVP in Q4 2021 on @CeloOrg in #Cura√ßao",kolektivo.co,True,True
79,Kumo Earth,#02E2AC,5,https://pbs.twimg.com/profile_images/1483701117632528385/cT_EA2SQ_normal.jpg,https://twitter.com/kumo_dao,@kumo_dao,"Building the 1st StableCoin 100% Backed by Nature Assets
Peg to USD - Launch on Polygon Q3 2022
Raising #SeedRound
 
Let's turn money into Climate Action",linktr.ee/kumo.earth,False,True
80,LOA Labs,#02E2AC,49,https://pbs.twimg.com/profile_images/1469211321082126336/DqzqzjaP_normal.jpg,https://twitter.com/loa_labs,@loa_labs,"Network Growth Partner for Better World Blockchains - marketing/comms, community, strategy, tokens  üåå  Validator for $REGEN, $JUNO, $IXO, $GRAV, $BCNA",loalabs.io,True,False
81,LabDAO,#F3587D,13,https://pbs.twimg.com/profile_images/1492164455840423940/uSPUItUM_normal.jpg,https://twitter.com/lab_dao,@lab_dao,"the future of biomedical science is an open, community-run network of wet & dry laboratories üßë‚Äçüî¨https://t.co/waTfGuj0AW - we are pre-launch",linktr.ee/LabDAO,True,True
82,LaborDAO,#4D82C1,2,https://pbs.twimg.com/profile_images/1495543237544710145/CHYRkGuD_normal.jpg,https://twitter.com/thelabordao,@thelabordao,"The first decentralized community to fund workers who want to organize, strike and collectively bargain. 

Discord: https://t.co/514Vd7amqW",TheLaborDAO.com,False,True
83,Leyline,#F3587D,5,https://pbs.twimg.com/profile_images/1417107314885074952/inpL5nPO_normal.jpg,https://twitter.com/leylinenp,@leylinenp,We mint NFT art and collectibles through acts of altruism. Serving impoverished communities and NGOs around the world. https://t.co/y4P10oRhSr BAYC#9483,linktr.ee/p_o_e_t,True,False
84,Longtail Financial,#FFCC00,30,https://pbs.twimg.com/profile_images/1448425192611479555/8_VK3mwZ_normal.jpg,https://twitter.com/longtailfintech,@longtailfintech,Longtail Financial provides financial data science and token engineering services to help organizations build and optimize crypto-economic systems.,longtailfinancial.com,False,True
85,Lynx,#F3587D,8,https://pbs.twimg.com/profile_images/1502309313762803719/PMmuj74D_normal.jpg,https://twitter.com/lynx_technology,@lynx_technology,North Star: Combine data from wearables to gain advanced insights into your individual health and wellbeing. Create and own your biometric clone with LYNX.,phas3.io/LYNX,True,False
86,MOONJELLY,#02E2AC,36,https://pbs.twimg.com/profile_images/1401629295248764928/3ahETmp2_normal.jpg,https://twitter.com/wearemoonjelly,@wearemoonjelly,"A community of proven pioneers within ocean impact, science, storytelling, and web3 on a mission to decentralize and decolonise ocean conservation. #DeCon",moonjelly.io,True,True
87,Menthol Protocol,#02E2AC,27,https://pbs.twimg.com/profile_images/1443546246728323078/Y5cMaToi_normal.jpg,https://twitter.com/mentholprotocol,@mentholprotocol,Menthol Protocol is the first multichain decentral sustainability ecosystem. Cool the world one tx at a time! Soon we'll close our seed round led by Republic!,linktr.ee/mentholprotocol,False,True
88,Mercy Corps Ventures FinX,#FFCC00,9,https://pbs.twimg.com/profile_images/1435274463717871620/qNE1kP0a_normal.jpg,https://twitter.com/mcsocialventure,@mcsocialventure,"Fueling high-impact ventures from seed to scale.

LinkedIn https://t.co/rI23d0tNIg | Newsletter https://t.co/DZwkSCsz1l",mercycorps.org/what-we-do/ven‚Ä¶,True,False
89,Meta Gamma Delta DAO ,#F3587D,17,https://pbs.twimg.com/profile_images/1501324066619224064/S0iRdGzQ_normal.jpg,https://twitter.com/metagammadelta,@metagammadelta,Inclusive ‚ö°Ô∏è Empowering ‚ö°Ô∏è Decentralized ‚ö°Ô∏è MGD DAO supports women-led projects in the blockchain space through grants. Join us!,discord.com/invite/ewqXEvc‚Ä¶,False,True
90,Molecule,#F3587D,26,https://pbs.twimg.com/profile_images/1509626029773623316/HdZ-NvkM_normal.jpg,https://twitter.com/molecule_dao,@molecule_dao,"A decentralised biotech protocol porting IP into web3 and launching biotech DAOs like @vita_dao and @PsyDAO_
 
üß™ we're hiring üë©‚Äçüî¨

Discord: https://t.co/gbCSbXf0Oh",molecule.to,False,True
91,NFTree Haus,#02E2AC,10,https://pbs.twimg.com/profile_images/1478588578380726273/iVHiGbiB_normal.jpg,https://twitter.com/nftreehaus,@nftreehaus,1 NFTree = 1 City Tree,linktr.ee/nftreehaus,False,True
92,Nectar Protocol,#F3587D,2,https://pbs.twimg.com/profile_images/1448800639308509185/xjae91MB_normal.jpg,https://twitter.com/nectarprotocol,@nectarprotocol,zkRollup & decentralized file storage protocol for the $7T health industry. first app @shyrohealth by @tamarinhealth Female founded. #L222,linktr.ee/tamarinhealth,True,False
93,Nori,#02E2AC,15,https://pbs.twimg.com/profile_images/1490772408755634177/xu0QpGfG_normal.jpg,https://twitter.com/nori,@nori,"Nori is a blockchain-backed carbon removal marketplace est. in 2017.
Stay updated on the NORI token launch üëâ https://t.co/th4tPnr64C",nori.com,True,False
94,OCEAN Protocol,#F3587D,6,https://pbs.twimg.com/profile_images/1403113745551925249/uDnhMK0J_normal.jpg,https://twitter.com/oceandao_,@oceandao_,"Seeding the best @oceanprotocol ecosystem projects.

Home of batch grants (funding¬≤, earmarks), CoreTech/Outreach WG, data NFT labs, and soon: data farming üåæü™Ñ",discord.gg/38wYfmwg,True,False
95,OpSci,#F3587D,22,https://pbs.twimg.com/profile_images/1515915555919863810/fmO7POI0_normal.jpg,https://twitter.com/opscientia,@opscientia,an autonomous research community ‚ö°Ô∏è science needs a firmware update #DeSci,opsci.io,True,True
96,Open Earth Foundation,#02E2AC,17,https://pbs.twimg.com/profile_images/1503408762685698052/wNnuLV31_normal.jpg,https://twitter.com/open__earth,@open__earth,"A not for profit harnessing emerging digital technologies & radical collaboration to innovate, deploy & scale concrete systemic solutions at a planetary level",openearth.org,True,False
97,Open Forest Protocol ,#02E2AC,40,https://pbs.twimg.com/profile_images/1501195924768534528/0QgebLXH_normal.jpg,https://twitter.com/openforest_,@openforest_,The Open Forest Protocol is a trusted open-source Protocol based on a public blockchain platform for communal verification and reporting of forest dataüå≤,linktr.ee/openforestprot‚Ä¶,True,True
98,OpenAccessDAO,#F3587D,4,https://pbs.twimg.com/profile_images/1468371149729927171/GsKVA0vr_normal.jpg,https://twitter.com/openaccessdao,@openaccessdao,"Making Science Open Access for all  (üÜì,üÜì)",oadao.org,True,False
99,PR1S0N Art,#F3587D,13,https://pbs.twimg.com/profile_images/1500890212892819464/J6BhVCFT_normal.jpg,https://twitter.com/pr1s0nart,@pr1s0nart,"Digital art which pays back prisoner debt, restoring justice and the dignity of returning citizens
https://t.co/XVfGR93W1o",pr1s0n.art,False,True
100,PactDAO,#4D82C1,6,https://pbs.twimg.com/profile_images/1455023492064219136/vDVwQax0_normal.jpg,https://twitter.com/pactdao,@pactdao,Make a pact with the people of your city. A NYC-based DAO for mutual aid.,mirror.xyz/pactcollective‚Ä¶,False,True
101,Panvala,#FFCC00,22,https://pbs.twimg.com/profile_images/1432945984150155264/U3XNtqRo_normal.jpg,https://twitter.com/panvalahq,@panvalahq,"Panvala is a network of communities who cooperate and earn perks from Panvala's shared endowment. We want to share Panvala with your community, too!",panvala.com,False,True
102,Parcel.money,#F3587D,7,https://pbs.twimg.com/profile_images/1495678950235725824/F5vbYU64_normal.jpg,https://twitter.com/parcelhq,@parcelhq,"PaymentOS for the Contributor Economy

https://t.co/ZWaSFGdBWW",parcel.money,False,True
103,PeopleDAO,#FFCC00,6,https://pbs.twimg.com/profile_images/1463931234472509441/D0QThGaI_normal.jpg,https://twitter.com/the_peopledao,@the_peopledao,"PeopleDAO is a metaDAO governed by $PEOPLE token. From the people, To the people, For the people. (üìú,ü§ù).",linktr.ee/peopledao,False,True
104,PizzaDAO,#FFCC00,5,https://pbs.twimg.com/profile_images/1515442094109863936/d_5sTA7U_normal.jpg,https://twitter.com/pizza_dao,@pizza_dao,Tokenizing every pizzeria on Earth. @RarePizzas NFT minting now: https://t.co/EZ2i09upTO,rarepizzas.com,False,True
105,Planetary Resilience DAO,#F3587D,21,https://pbs.twimg.com/profile_images/1442221827372331008/bDdtfhxI_normal.jpg,https://twitter.com/jessezondervan,@jessezondervan,Research Scientist @ROC_CO2 @UniofOxford ‚Ä¢ @wilbe_science #BSF6 Fellow ‚Ä¢ Editor @Geo_Dev ‚Ä¢ @ESEImperial alumnus ‚Ä¢ #SurfaceProcesses ‚Ä¢ Biogeoengineering ‚Ä¢ #DeSci,earth.ox.ac.uk/people/jesse-z‚Ä¶,True,False
106,Popcorn Network,#02E2AC,17,https://pbs.twimg.com/profile_images/1511703924146847757/7JVLOXNq_normal.jpg,https://twitter.com/popcorn_dao,@popcorn_dao,"üåç Impact Made Easy üåé

üßà Earn noble yield with Butter https://t.co/fUE4u4fnJE 

üçø #DeFi4Good Discord: https://t.co/9Mr1VSPSb9",popcorn.network,True,True
107,Pozzle Planet,#02E2AC,9,https://pbs.twimg.com/profile_images/1528610855511728128/87V-ZWOm_normal.jpg,https://twitter.com/pozzleplanet,@pozzleplanet,Pozzle Planet is an Impact-2-Earn NFT-protocol and mobile-appüì±Earn $POZ by joining and sharing POZitive actions üíúüåçüå± https://t.co/Zwhx1YAikv,pozzleplanet.com,True,False
108,PrimeDAO,#FFCC00,51,https://pbs.twimg.com/profile_images/1399376178453090305/RJD82RrV_normal.jpg,https://twitter.com/primedao_,@primedao_,Building tools that turn DeFi into a cooperative ecosystem. #DAO2DAO products and services.,prime.xyz,True,False
109,Project Ark,#02E2AC,23,https://pbs.twimg.com/profile_images/1466469450912251916/9loneEs0_normal.jpg,https://twitter.com/weareprojectark,@weareprojectark,"Project Ark is a social-impact NFT platform, directly funding environmental conservation efforts around the world. 
JOIN US:  https://t.co/69eid01UOO",,True,False
110,Proof of Humanity,#FFCC00,15,https://pbs.twimg.com/profile_images/1380603982205321217/EuVE1qKL_normal.jpg,https://twitter.com/proofofhumanity,@proofofhumanity,Sybil-resistant registry of Humans using social verification + @Kleros_io courts. Streaming $UBI üíß & building a decentralized democracy!,proofofhumanity.id,True,True
111,Proof of Integrity,#FFCC00,5,https://pbs.twimg.com/profile_images/1479571988326715392/brDTz-ll_normal.jpg,https://twitter.com/proof_integrity,@proof_integrity,Helping struggling communities to reduce poverty through financial training and crypto embracement. Powered by @beontechstudio.,proofofintegrity.org,True,False
112,Protein Community,#FFCC00,53,https://pbs.twimg.com/profile_images/1498963326621175811/-33yvad6_normal.jpg,https://twitter.com/protein,@protein,Hello. We are Protein. A place where people and ideas grow. Powered by $PRTN,discord.gg/protein,False,True
113,PsyDAO,#F3587D,7,https://pbs.twimg.com/profile_images/1445490915284447247/FkxX31Om_normal.jpg,https://twitter.com/psydao_,@psydao_,PsyDAO is forming a decentralised organisation with the goal of funding research at the intersection of psychedelics and mental health.,psydao.com,True,False
114,Public Good School,#FFCC00,4,https://pbs.twimg.com/profile_images/1482443795438489609/odYydXDD_normal.png,https://twitter.com/publicgood_s,@publicgood_s,"We are growing innovative leaders üå±

Public Good School is a center for Public Goods education, training, and activism.

Join us and help build a better world!",,False,True
115,ReFi DAO,#02E2AC,78,https://pbs.twimg.com/profile_images/1495113844108234757/KIz-ugMM_normal.jpg,https://twitter.com/refidaoist,@refidaoist,"üå≥ Scaling meaningful climate action with #web3. 
‚ù§Ô∏è Justice, Equity, Diversity and Inclusion
üôè DM us your #ReFi story for an invite",refidao.com,False,True
116,Regen Network,#02E2AC,66,https://pbs.twimg.com/profile_images/1531703353478066177/8zvqMFY2_normal.png,https://twitter.com/regen_network,@regen_network,Platform for a Thriving Planet üåè nothing less than planetary regeneration. #blockchain #drawdown | Built on @cosmos | #hiring,regen.network,True,False
117,Return Protocol,#02E2AC,51,https://pbs.twimg.com/profile_images/1486911107763781634/hK1LCOdh_normal.jpg,https://twitter.com/returnprotocol,@returnprotocol,"Make your blockchain life automatically sustainable forever and show the world with one single click and payment üå≥

Launching in Q3 2022 üöÄ

#ReFi #DeFi #Web3",rb.gy/ogpmpv,True,True
118,Ribon,#FFCC00,3,https://pbs.twimg.com/profile_images/1414980075657781253/si45PDXk_normal.jpg,https://twitter.com/ribondao,@ribondao,+40k active users donation platform awarded by @gatesfoundation | Becoming the #DAO that will change the charity market | Join our community on: https://t.co/l6HnV1rTLJ,ribon.io/en,True,False
119,RnDAO,#F3587D,2,https://pbs.twimg.com/profile_images/1498337715661778946/7YEners2_normal.jpg,https://twitter.com/RnDAO__,@RnDAO__,"empower
humane
collaboration",bit.ly/joinrndao,False,False
120,Socialstack,#FFCC00,9,https://pbs.twimg.com/profile_images/1486017781757845509/QzZje9US_normal.jpg,https://twitter.com/trysocialstack,@trysocialstack,"the code-free social token platform that gives a damn  

free transactions. carbon negative. built on Celo, Polygon and Ethereum.",socialstack.co,False,True
121,Solid World DAO,#02E2AC,48,https://pbs.twimg.com/profile_images/1489284392992264197/24jk55_T_normal.jpg,https://twitter.com/solidworlddao,@solidworlddao,"A Web3 protocol that is funding the future of planet Earth

Discord: https://t.co/qvfTSBZiFz
Telegram: https://t.co/NHKuoH1LJt",solid.world,True,True
122,SolidarityCard,#FFCC00,8,https://pbs.twimg.com/profile_images/1457895697697619973/KvjphzvC_normal.jpg,https://twitter.com/solcardorg,@solcardorg,SolidarityCard humanizes and supports people in need through authentic conversations and transparent donations. üå± @KERNEL0x #KB5,solcard.org,False,True
123,Sovereign Nature Initiative,#02E2AC,35,https://pbs.twimg.com/profile_images/1140680058698383360/1tGYV9Ni_normal.png,https://twitter.com/sovereignnature,@sovereignnature,"Reconfiguring the intersection between ecology, economy, and emerging technologies üåçüí°üåø",sovereignnature.com,True,True
124,Spark Eco,#FFCC00,38,https://pbs.twimg.com/profile_images/1469331578220388362/iIJKpz5t_normal.jpg,https://twitter.com/spark_eco,@spark_eco,https://t.co/7ACv7RLPDd is funding solar in emerging markets with crypto. Pilot project crowdfunding coming. Join the adventure: https://t.co/hQYZso8xtb,gitcoin.co/grants/4883/de‚Ä¶,False,True
125,SuperBenefit,#F3587D,3,https://pbs.twimg.com/profile_images/1501683292252381184/ol7vN85__normal.jpg,https://twitter.com/superbenefitdao,@superbenefitdao,Making better happen faster.,superbenefit.org,False,True
126,Surge Women,#F3587D,19,https://pbs.twimg.com/profile_images/1453433842077818883/VZcpMbbl_normal.jpg,https://twitter.com/surge_women,@surge_women,A female-led organization educating and securing womxn‚Äôs place in Web3- 5000 Passport NFTs on Opensea ‚ù§Ô∏è https://t.co/G0jz7ryet6,linktr.ee/surgewomen,True,True
127,TEC,#FFCC00,32,https://pbs.twimg.com/profile_images/1359180303332433923/J1XNdjPW_normal.png,https://twitter.com/tecmns,@tecmns,The TEC is advancing the field of token engineering. Participate in our collaborative economy & decision making. üåà https://t.co/TrLSYwTAtG,tecommons.org,True,True
128,The Eden Dao,#02E2AC,37,https://pbs.twimg.com/profile_images/1486138412155301888/x0Axrznt_normal.jpg,https://twitter.com/theedendao,@theedendao,We are creating the carbon coin that hyperscales carbon removal and creates wealth for generations to come. #DRMwithus üëá,drm.edendao.finance,True,True
129,Therapoid,#F3587D,2,https://pbs.twimg.com/profile_images/1333840579361378307/-rQ2dJPO_normal.jpg,https://twitter.com/opentherapeutic,@opentherapeutic,"#Blockchain-based #OpenScience & #OpenAccess platform. Awards #ScienceCoins #cryptocurrency to researchers who collaborate. Free tools, services, and funding.",OpenTherapeutics.net,False,True
130,Thirsty Thirsty,#4D82C1,11,https://pbs.twimg.com/profile_images/1473381159635591168/2Q3XsoDQ_normal.jpg,https://twitter.com/thirstythirsty8,@thirstythirsty8,A remembrance project disguised as the coolest food & wine club on Earthüçæ Regenerate Mother Earth deliciously. 888 VIP #web3 Membership & Fine #wine #NFTs.,linktr.ee/thirstythirsty,False,False
131,Tip Party,#FFCC00,13,https://pbs.twimg.com/profile_images/1471546323317010440/q2X940i4_normal.jpg,https://twitter.com/moonshotcollect,@moonshotcollect,We are the prototyping Workstream and Builder Community @GitcoinDAO.,,False,True
132,Toucan,#02E2AC,64,https://pbs.twimg.com/profile_images/1532273103983857665/tKcldLWM_normal.jpg,https://twitter.com/toucanprotocol,@toucanprotocol,"We build infrastructure for carbon markets to finance the world's best climate crisis solutions.

#DeFi #ReFi #Web3

Discord & Office Hour: https://t.co/ckDnFCU9HV",toucan.earth,True,False
133,Treejer,#02E2AC,21,https://pbs.twimg.com/profile_images/1516128881824215042/vWGNL1Ut_normal.jpg,https://twitter.com/treejertalks,@treejertalks,Connecting Funders to Rural Tree Planters Worldwide | Genesis Mint is live! | https://t.co/p13aquaxaI,treejer.com/genesis,True,True
134,UNICEF CryptoFund,#F3587D,5,https://pbs.twimg.com/profile_images/1239983011539619840/QxoPitsQ_normal.jpg,https://twitter.com/unicefinnovate,@unicefinnovate,"An interdisciplinary team tasked with identifying, prototyping, and scaling technologies and practices that strengthen UNICEF‚Äôs work for children. #uinnovate",unicef.org/innovation,True,False
135,UltraSound Merch Supply Chain,#FFCC00,3,https://pbs.twimg.com/profile_images/1488266138320527366/FmfTA-zW_normal.jpg,https://twitter.com/ultrasoundmerch,@ultrasoundmerch,Evergreen Merch for your Cryptonative Community https://t.co/xuRnvBYGNe,,False,True
136,VitaDAO,#F3587D,42,https://pbs.twimg.com/profile_images/1463097895696183298/9EYOgc3Y_normal.jpg,https://twitter.com/vita_dao,@vita_dao,"VitaDAO is a community owned collective funding early stage longevity research, governed by $VITA-holders üß¨ üëâ https://t.co/uq15UrsgHO",linktr.ee/VitaDAO,True,True
137,WellnessDAO,#4D82C1,5,https://pbs.twimg.com/profile_images/1498471208664199172/4taknTus_normal.jpg,https://twitter.com/wellnessdao,@wellnessdao,community-driven Discord-Assisted Org promoting mental wellness thru social accountability. DMs open https://t.co/roExRXQR6P wellness passports soon ‚ú®,wellnessdao.life,False,True
138,Xplorer Club. Environment.wiki,#02E2AC,37,https://pbs.twimg.com/profile_images/1496903775608447001/m22mEWqr_normal.jpg,https://twitter.com/clubxplorers,@clubxplorers,One foot in the wilderness on earth and one in the meta wilderness. Avoiding traffic. Love and beauty wherever.,environment.wiki,False,True
139,_slow_crypto - Fabrics of Reality,#F3587D,10,https://pbs.twimg.com/profile_images/1491209412874285061/bAuU-d5Q_normal.jpg,https://twitter.com/_slow_crypto,@_slow_crypto,"ü™ê || Naturally-dyed cosmic minimalism. . . . . . . üë®‚Äçüé® || Crypto art lab of @thomas_rothery. . . . . . . üêå || Slow fashion, slow food, slow crypto. . . . .",slowcrypto.com,True,False
140,dClimate,#02E2AC,23,https://pbs.twimg.com/profile_images/1483443499546644493/2sruqkVw_normal.png,https://twitter.com/dclimatedao,@dclimatedao,"The first decentralized network (DAO) for climate data, forecasts, and models. https://t.co/YQxtoVvmHy",dclimate.net,True,True
141,elimu.ai Community üë©üèΩ‚ÄçüöÄ,#F3587D,2,https://pbs.twimg.com/profile_images/1105890174431563776/_0ydZcq2_normal.png,https://twitter.com/elimu_ai,@elimu_ai,"Quality basic education for every child üöÄ 
#opensource #edtech #ai #ml #dao 
üíé $ELIMU 
üí¨ https://t.co/UTkplWyTJr",elimu.ai,True,False
142,ixo,#02E2AC,30,https://pbs.twimg.com/profile_images/1457293969801482241/78AXqR-5_normal.jpg,https://twitter.com/ixoworld,@ixoworld,Build your Impact DAO marketplace on the Internet of Impact. A layer-1 carbon-negative chain purposed for #ReFi and verifying #EarthState change. https://t.co/uRDTpdEGej,ixo.world,True,False
143,katalyst.earth,#02E2AC,18,https://pbs.twimg.com/profile_images/1524929400953012224/HOkZLv5j_normal.jpg,https://twitter.com/katalystearth,@katalystearth,https://t.co/s9SxKGGuXh is accelerating the transition to #NetZero through climate positive projects üå≥üå≤üå≥. JOIN OUR COMMUNITY: https://t.co/BIk3ltQ43j,katalyst.earth,False,True
144,senken,#02E2AC,26,https://pbs.twimg.com/profile_images/1496099050986385419/NtQ19nrT_normal.jpg,https://twitter.com/senken_io,@senken_io,Regenerative Finance platform & Launchpad for credible carbon credits #refi,senken.io,False,True
145,she256,#F3587D,15,https://pbs.twimg.com/profile_images/1083237948995264512/dndkl5JN_normal.jpg,https://twitter.com/she_256,@she_256,501c3 nonprofit aiming to increase diversity & break down barriers to entry in the crypto space. Discord: https://t.co/w4SDAUUOk5,she256.org,True,False
146,voizdao,#FFCC00,13,https://pbs.twimg.com/profile_images/1455999743604125698/iFH-hFWC_normal.jpg,https://twitter.com/voizdao,@voizdao,solarpunk investing and consumption üåû | what's beyond ESG and greenwashing | questing for a livable world üåç,voizdao.xyz,False,True
